image,class
n1.mp4_frame18.jpg,no
n9.mp4_frame410.jpg,no
n9.mp4_frame376.jpg,no
n9.mp4_frame362.jpg,no
n9.mp4_frame404.jpg,no
n1.mp4_frame24.jpg,no
n10.mp4_frame72.jpg,no
n10.mp4_frame66.jpg,no
n9.mp4_frame438.jpg,no
4.mp4_frame2.jpg,yes
n10.mp4_frame99.jpg,no
n9.mp4_frame389.jpg,no
n2.mp4_frame7.jpg,no
n9.mp4_frame174.jpg,no
n9.mp4_frame612.jpg,no
n9.mp4_frame606.jpg,no
n9.mp4_frame160.jpg,no
n5.mp4_frame4.jpg,no
n10.mp4_frame0.jpg,no
n9.mp4_frame148.jpg,no
3.mp4_frame1.jpg,yes
n10.mp4_frame298.jpg,no
0.mp4_frame16.jpg,yes
n9.mp4_frame809.jpg,no
n10.mp4_frame273.jpg,no
n10.mp4_frame267.jpg,no
n9.mp4_frame835.jpg,no
n9.mp4_frame821.jpg,no
n9.mp4_frame766.jpg,no
n9.mp4_frame772.jpg,no
n9.mp4_frame36.jpg,no
n9.mp4_frame22.jpg,no
n0.mp4_frame41.jpg,no
n3.mp4_frame3.jpg,no
n10.mp4_frame307.jpg,no
n10.mp4_frame313.jpg,no
n9.mp4_frame799.jpg,no
5.mp4_frame6.jpg,yes
n3.mp4_frame10.jpg,no
n9.mp4_frame564.jpg,no
n9.mp4_frame202.jpg,no
n11.mp4_frame4.jpg,no
n9.mp4_frame216.jpg,no
n9.mp4_frame570.jpg,no
n9.mp4_frame558.jpg,no
n4.mp4_frame14.jpg,no
n4.mp4_frame0.jpg,no
n10.mp4_frame105.jpg,no
n10.mp4_frame111.jpg,no
n10.mp4_frame139.jpg,no
n10.mp4_frame138.jpg,no
n10.mp4_frame110.jpg,no
n10.mp4_frame104.jpg,no
n4.mp4_frame15.jpg,no
n9.mp4_frame559.jpg,no
n4.mp4_frame1.jpg,no
n9.mp4_frame217.jpg,no
n11.mp4_frame5.jpg,no
n9.mp4_frame571.jpg,no
n9.mp4_frame565.jpg,no
n3.mp4_frame11.jpg,no
n9.mp4_frame203.jpg,no
5.mp4_frame7.jpg,yes
n9.mp4_frame798.jpg,no
n10.mp4_frame312.jpg,no
n10.mp4_frame306.jpg,no
n3.mp4_frame2.jpg,no
n9.mp4_frame23.jpg,no
n0.mp4_frame40.jpg,no
n9.mp4_frame37.jpg,no
n9.mp4_frame773.jpg,no
n9.mp4_frame767.jpg,no
n9.mp4_frame820.jpg,no
n9.mp4_frame834.jpg,no
n10.mp4_frame266.jpg,no
n10.mp4_frame272.jpg,no
n9.mp4_frame808.jpg,no
n10.mp4_frame299.jpg,no
0.mp4_frame17.jpg,yes
3.mp4_frame0.jpg,yes
n9.mp4_frame149.jpg,no
n10.mp4_frame1.jpg,no
n9.mp4_frame607.jpg,no
n5.mp4_frame5.jpg,no
n9.mp4_frame161.jpg,no
n9.mp4_frame175.jpg,no
n9.mp4_frame613.jpg,no
n2.mp4_frame6.jpg,no
n9.mp4_frame388.jpg,no
n10.mp4_frame98.jpg,no
4.mp4_frame3.jpg,yes
n10.mp4_frame67.jpg,no
n9.mp4_frame439.jpg,no
n1.mp4_frame25.jpg,no
n10.mp4_frame73.jpg,no
n9.mp4_frame363.jpg,no
n9.mp4_frame405.jpg,no
n9.mp4_frame411.jpg,no
n1.mp4_frame19.jpg,no
n9.mp4_frame377.jpg,no
n9.mp4_frame407.jpg,no
n9.mp4_frame361.jpg,no
n10.mp4_frame59.jpg,no
n9.mp4_frame375.jpg,no
n9.mp4_frame413.jpg,no
n10.mp4_frame65.jpg,no
n9.mp4_frame349.jpg,no
n10.mp4_frame71.jpg,no
n1.mp4_frame27.jpg,no
4.mp4_frame1.jpg,yes
n2.mp4_frame4.jpg,no
n9.mp4_frame163.jpg,no
n9.mp4_frame605.jpg,no
n9.mp4_frame611.jpg,no
n9.mp4_frame177.jpg,no
0.mp4_frame15.jpg,yes
n9.mp4_frame639.jpg,no
n10.mp4_frame3.jpg,no
3.mp4_frame2.jpg,yes
n10.mp4_frame264.jpg,no
n10.mp4_frame270.jpg,no
n9.mp4_frame822.jpg,no
n10.mp4_frame258.jpg,no
n9.mp4_frame836.jpg,no
n9.mp4_frame188.jpg,no
n9.mp4_frame771.jpg,no
n9.mp4_frame765.jpg,no
n0.mp4_frame42.jpg,no
n9.mp4_frame21.jpg,no
n9.mp4_frame35.jpg,no
n9.mp4_frame759.jpg,no
n10.mp4_frame310.jpg,no
n3.mp4_frame0.jpg,no
n10.mp4_frame304.jpg,no
5.mp4_frame5.jpg,yes
n10.mp4_frame338.jpg,no
n9.mp4_frame573.jpg,no
n11.mp4_frame7.jpg,no
n9.mp4_frame215.jpg,no
n9.mp4_frame201.jpg,no
n3.mp4_frame13.jpg,no
n9.mp4_frame567.jpg,no
n9.mp4_frame229.jpg,no
n4.mp4_frame3.jpg,no
n10.mp4_frame112.jpg,no
n10.mp4_frame106.jpg,no
n9.mp4_frame598.jpg,no
n9.mp4_frame599.jpg,no
n10.mp4_frame107.jpg,no
n10.mp4_frame113.jpg,no
n4.mp4_frame2.jpg,no
n4.mp4_frame16.jpg,no
n9.mp4_frame228.jpg,no
n9.mp4_frame200.jpg,no
n9.mp4_frame566.jpg,no
n3.mp4_frame12.jpg,no
n9.mp4_frame572.jpg,no
n9.mp4_frame214.jpg,no
n11.mp4_frame6.jpg,no
n10.mp4_frame339.jpg,no
5.mp4_frame4.jpg,yes
n10.mp4_frame305.jpg,no
n3.mp4_frame1.jpg,no
n10.mp4_frame311.jpg,no
n9.mp4_frame758.jpg,no
n9.mp4_frame34.jpg,no
n0.mp4_frame43.jpg,no
n9.mp4_frame20.jpg,no
n9.mp4_frame764.jpg,no
n9.mp4_frame770.jpg,no
n9.mp4_frame837.jpg,no
n9.mp4_frame189.jpg,no
n10.mp4_frame259.jpg,no
n9.mp4_frame823.jpg,no
n10.mp4_frame271.jpg,no
n10.mp4_frame265.jpg,no
3.mp4_frame3.jpg,yes
n10.mp4_frame2.jpg,no
0.mp4_frame14.jpg,yes
n9.mp4_frame638.jpg,no
n9.mp4_frame610.jpg,no
n9.mp4_frame176.jpg,no
n5.mp4_frame6.jpg,no
n9.mp4_frame162.jpg,no
n9.mp4_frame604.jpg,no
n2.mp4_frame5.jpg,no
4.mp4_frame0.jpg,yes
n10.mp4_frame70.jpg,no
n9.mp4_frame348.jpg,no
n1.mp4_frame26.jpg,no
n10.mp4_frame64.jpg,no
n9.mp4_frame374.jpg,no
n9.mp4_frame412.jpg,no
n9.mp4_frame406.jpg,no
n10.mp4_frame58.jpg,no
n9.mp4_frame360.jpg,no
n10.mp4_frame60.jpg,no
n9.mp4_frame358.jpg,no
n1.mp4_frame22.jpg,no
n10.mp4_frame74.jpg,no
n9.mp4_frame364.jpg,no
n9.mp4_frame402.jpg,no
n9.mp4_frame416.jpg,no
n10.mp4_frame48.jpg,no
n9.mp4_frame370.jpg,no
n2.mp4_frame1.jpg,no
4.mp4_frame4.jpg,yes
0.mp4_frame10.jpg,yes
n10.mp4_frame6.jpg,no
3.mp4_frame7.jpg,yes
n9.mp4_frame628.jpg,no
n9.mp4_frame600.jpg,no
n9.mp4_frame166.jpg,no
n5.mp4_frame2.jpg,no
n9.mp4_frame172.jpg,no
n9.mp4_frame614.jpg,no
n9.mp4_frame827.jpg,no
n9.mp4_frame199.jpg,no
n9.mp4_frame833.jpg,no
n10.mp4_frame249.jpg,no
n10.mp4_frame261.jpg,no
n10.mp4_frame275.jpg,no
n9.mp4_frame748.jpg,no
n9.mp4_frame24.jpg,no
n0.mp4_frame47.jpg,no
n9.mp4_frame30.jpg,no
n9.mp4_frame18.jpg,no
n9.mp4_frame774.jpg,no
n9.mp4_frame760.jpg,no
n10.mp4_frame329.jpg,no
5.mp4_frame0.jpg,yes
n10.mp4_frame315.jpg,no
n10.mp4_frame301.jpg,no
n3.mp4_frame5.jpg,no
n4.mp4_frame12.jpg,no
n4.mp4_frame6.jpg,no
n9.mp4_frame238.jpg,no
n11.mp4_frame2.jpg,no
n9.mp4_frame210.jpg,no
n9.mp4_frame576.jpg,no
n3.mp4_frame16.jpg,no
n9.mp4_frame562.jpg,no
n9.mp4_frame204.jpg,no
n9.mp4_frame589.jpg,no
n10.mp4_frame117.jpg,no
n10.mp4_frame103.jpg,no
n10.mp4_frame102.jpg,no
n10.mp4_frame116.jpg,no
n9.mp4_frame588.jpg,no
n9.mp4_frame563.jpg,no
n9.mp4_frame205.jpg,no
n9.mp4_frame211.jpg,no
n11.mp4_frame3.jpg,no
n9.mp4_frame577.jpg,no
n4.mp4_frame13.jpg,no
n4.mp4_frame7.jpg,no
n9.mp4_frame239.jpg,no
n3.mp4_frame4.jpg,no
n10.mp4_frame300.jpg,no
n10.mp4_frame314.jpg,no
5.mp4_frame1.jpg,yes
n10.mp4_frame328.jpg,no
n9.mp4_frame761.jpg,no
n9.mp4_frame775.jpg,no
n9.mp4_frame19.jpg,no
n9.mp4_frame31.jpg,no
n9.mp4_frame25.jpg,no
n9.mp4_frame749.jpg,no
n0.mp4_frame46.jpg,no
n10.mp4_frame274.jpg,no
n10.mp4_frame260.jpg,no
n10.mp4_frame248.jpg,no
n9.mp4_frame832.jpg,no
n9.mp4_frame826.jpg,no
n9.mp4_frame198.jpg,no
n9.mp4_frame173.jpg,no
n9.mp4_frame615.jpg,no
n9.mp4_frame601.jpg,no
n5.mp4_frame3.jpg,no
n9.mp4_frame167.jpg,no
3.mp4_frame6.jpg,yes
n10.mp4_frame7.jpg,no
n9.mp4_frame629.jpg,no
0.mp4_frame11.jpg,yes
n2.mp4_frame0.jpg,no
n9.mp4_frame417.jpg,no
n9.mp4_frame371.jpg,no
n10.mp4_frame49.jpg,no
n9.mp4_frame365.jpg,no
n9.mp4_frame403.jpg,no
n1.mp4_frame23.jpg,no
n10.mp4_frame75.jpg,no
n9.mp4_frame359.jpg,no
n10.mp4_frame61.jpg,no
n10.mp4_frame77.jpg,no
n9.mp4_frame429.jpg,no
n1.mp4_frame21.jpg,no
n10.mp4_frame63.jpg,no
n9.mp4_frame373.jpg,no
n9.mp4_frame415.jpg,no
n9.mp4_frame401.jpg,no
n9.mp4_frame367.jpg,no
n2.mp4_frame2.jpg,no
n9.mp4_frame398.jpg,no
n10.mp4_frame88.jpg,no
n10.mp4_frame289.jpg,no
n10.mp4_frame5.jpg,no
3.mp4_frame4.jpg,yes
n9.mp4_frame159.jpg,no
0.mp4_frame13.jpg,yes
n9.mp4_frame617.jpg,no
n9.mp4_frame171.jpg,no
n9.mp4_frame165.jpg,no
n5.mp4_frame1.jpg,no
n9.mp4_frame603.jpg,no
n9.mp4_frame830.jpg,no
n9.mp4_frame824.jpg,no
n10.mp4_frame276.jpg,no
n9.mp4_frame818.jpg,no
n10.mp4_frame262.jpg,no
n9.mp4_frame33.jpg,no
n0.mp4_frame44.jpg,no
n9.mp4_frame27.jpg,no
n9.mp4_frame763.jpg,no
n9.mp4_frame777.jpg,no
n9.mp4_frame788.jpg,no
5.mp4_frame3.jpg,yes
n10.mp4_frame302.jpg,no
n3.mp4_frame6.jpg,no
n10.mp4_frame316.jpg,no
n4.mp4_frame5.jpg,no
n4.mp4_frame11.jpg,no
n9.mp4_frame549.jpg,no
n9.mp4_frame207.jpg,no
n3.mp4_frame15.jpg,no
n9.mp4_frame561.jpg,no
n9.mp4_frame575.jpg,no
n11.mp4_frame1.jpg,no
2.mp4_frame0.jpg,yes
n9.mp4_frame213.jpg,no
n10.mp4_frame128.jpg,no
n10.mp4_frame100.jpg,no
n10.mp4_frame114.jpg,no
n10.mp4_frame115.jpg,no
n10.mp4_frame101.jpg,no
n10.mp4_frame129.jpg,no
n9.mp4_frame574.jpg,no
n9.mp4_frame212.jpg,no
2.mp4_frame1.jpg,yes
n11.mp4_frame0.jpg,no
n9.mp4_frame206.jpg,no
n9.mp4_frame560.jpg,no
n3.mp4_frame14.jpg,no
n9.mp4_frame548.jpg,no
n4.mp4_frame4.jpg,no
n4.mp4_frame10.jpg,no
n10.mp4_frame317.jpg,no
n3.mp4_frame7.jpg,no
n10.mp4_frame303.jpg,no
5.mp4_frame2.jpg,yes
n9.mp4_frame789.jpg,no
n9.mp4_frame776.jpg,no
n9.mp4_frame762.jpg,no
n0.mp4_frame45.jpg,no
n9.mp4_frame26.jpg,no
n9.mp4_frame32.jpg,no
n10.mp4_frame263.jpg,no
n9.mp4_frame819.jpg,no
n10.mp4_frame277.jpg,no
n9.mp4_frame825.jpg,no
n9.mp4_frame831.jpg,no
n5.mp4_frame0.jpg,no
n9.mp4_frame164.jpg,no
n9.mp4_frame602.jpg,no
n9.mp4_frame616.jpg,no
n9.mp4_frame170.jpg,no
0.mp4_frame12.jpg,yes
n9.mp4_frame158.jpg,no
n10.mp4_frame288.jpg,no
3.mp4_frame5.jpg,yes
n10.mp4_frame4.jpg,no
n10.mp4_frame89.jpg,no
n2.mp4_frame3.jpg,no
n9.mp4_frame399.jpg,no
n9.mp4_frame400.jpg,no
n9.mp4_frame366.jpg,no
n9.mp4_frame372.jpg,no
n9.mp4_frame414.jpg,no
n10.mp4_frame62.jpg,no
n10.mp4_frame76.jpg,no
n1.mp4_frame20.jpg,no
n9.mp4_frame428.jpg,no
n9.mp4_frame315.jpg,no
n9.mp4_frame473.jpg,no
n9.mp4_frame467.jpg,no
n9.mp4_frame301.jpg,no
n10.mp4_frame39.jpg,no
n9.mp4_frame329.jpg,no
n10.mp4_frame11.jpg,no
0.mp4_frame0.jpg,yes
n9.mp4_frame498.jpg,no
8.mp4_frame1.jpg,yes
7.mp4_frame3.jpg,yes
n9.mp4_frame671.jpg,no
n9.mp4_frame117.jpg,no
n2.mp4_frame16.jpg,no
n9.mp4_frame103.jpg,no
n9.mp4_frame665.jpg,no
n9.mp4_frame895.jpg,no
n9.mp4_frame7.jpg,no
n1.mp4_frame6.jpg,no
n9.mp4_frame659.jpg,no
n9.mp4_frame881.jpg,no
n10.mp4_frame210.jpg,no
n10.mp4_frame204.jpg,no
n9.mp4_frame856.jpg,no
n9.mp4_frame842.jpg,no
n10.mp4_frame238.jpg,no
n9.mp4_frame69.jpg,no
n9.mp4_frame705.jpg,no
n9.mp4_frame711.jpg,no
n9.mp4_frame739.jpg,no
n9.mp4_frame55.jpg,no
n0.mp4_frame36.jpg,no
n0.mp4_frame22.jpg,no
n9.mp4_frame41.jpg,no
n10.mp4_frame364.jpg,no
n10.mp4_frame402.jpg,no
n10.mp4_frame370.jpg,no
n9.mp4_frame96.jpg,no
n10.mp4_frame358.jpg,no
n7.mp4_frame1.jpg,no
n9.mp4_frame82.jpg,no
n9.mp4_frame261.jpg,no
n9.mp4_frame507.jpg,no
n0.mp4_frame2.jpg,no
n9.mp4_frame513.jpg,no
n9.mp4_frame275.jpg,no
n10.mp4_frame199.jpg,no
n9.mp4_frame249.jpg,no
n10.mp4_frame166.jpg,no
n10.mp4_frame172.jpg,no
n10.mp4_frame173.jpg,no
n10.mp4_frame167.jpg,no
n9.mp4_frame248.jpg,no
n10.mp4_frame198.jpg,no
n9.mp4_frame512.jpg,no
n8.mp4_frame2.jpg,no
n9.mp4_frame274.jpg,no
n9.mp4_frame260.jpg,no
n0.mp4_frame3.jpg,no
n9.mp4_frame506.jpg,no
n9.mp4_frame83.jpg,no
n10.mp4_frame359.jpg,no
n9.mp4_frame97.jpg,no
n7.mp4_frame0.jpg,no
n10.mp4_frame371.jpg,no
n10.mp4_frame365.jpg,no
n10.mp4_frame403.jpg,no
n0.mp4_frame23.jpg,no
n9.mp4_frame40.jpg,no
n9.mp4_frame54.jpg,no
n9.mp4_frame738.jpg,no
n0.mp4_frame37.jpg,no
n9.mp4_frame710.jpg,no
n9.mp4_frame704.jpg,no
n9.mp4_frame68.jpg,no
n10.mp4_frame239.jpg,no
n9.mp4_frame843.jpg,no
n9.mp4_frame857.jpg,no
n10.mp4_frame205.jpg,no
n10.mp4_frame211.jpg,no
n9.mp4_frame880.jpg,no
n9.mp4_frame658.jpg,no
n1.mp4_frame7.jpg,no
n9.mp4_frame894.jpg,no
n9.mp4_frame6.jpg,no
n9.mp4_frame102.jpg,no
n2.mp4_frame17.jpg,no
n9.mp4_frame664.jpg,no
n9.mp4_frame670.jpg,no
7.mp4_frame2.jpg,yes
n9.mp4_frame116.jpg,no
8.mp4_frame0.jpg,yes
n9.mp4_frame499.jpg,no
0.mp4_frame1.jpg,yes
n10.mp4_frame10.jpg,no
n9.mp4_frame328.jpg,no
n9.mp4_frame466.jpg,no
n10.mp4_frame38.jpg,no
n9.mp4_frame300.jpg,no
n9.mp4_frame314.jpg,no
n9.mp4_frame472.jpg,no
n9.mp4_frame302.jpg,no
n9.mp4_frame464.jpg,no
n9.mp4_frame470.jpg,no
n9.mp4_frame316.jpg,no
n9.mp4_frame458.jpg,no
n10.mp4_frame12.jpg,no
0.mp4_frame3.jpg,yes
n9.mp4_frame666.jpg,no
n2.mp4_frame15.jpg,no
n9.mp4_frame100.jpg,no
n9.mp4_frame114.jpg,no
7.mp4_frame0.jpg,yes
n9.mp4_frame672.jpg,no
n1.mp4_frame5.jpg,no
n9.mp4_frame882.jpg,no
n9.mp4_frame4.jpg,no
n9.mp4_frame128.jpg,no
n9.mp4_frame896.jpg,no
n10.mp4_frame207.jpg,no
n9.mp4_frame869.jpg,no
n10.mp4_frame213.jpg,no
n9.mp4_frame841.jpg,no
n9.mp4_frame699.jpg,no
n9.mp4_frame855.jpg,no
n9.mp4_frame712.jpg,no
n9.mp4_frame706.jpg,no
n9.mp4_frame42.jpg,no
n0.mp4_frame21.jpg,no
n0.mp4_frame35.jpg,no
n10.mp4_frame398.jpg,no
n9.mp4_frame56.jpg,no
n10.mp4_frame373.jpg,no
n10.mp4_frame401.jpg,no
n10.mp4_frame367.jpg,no
n9.mp4_frame81.jpg,no
n7.mp4_frame2.jpg,no
n9.mp4_frame95.jpg,no
n9.mp4_frame276.jpg,no
n8.mp4_frame0.jpg,no
n9.mp4_frame510.jpg,no
n9.mp4_frame504.jpg,no
n0.mp4_frame1.jpg,no
n9.mp4_frame262.jpg,no
n9.mp4_frame538.jpg,no
n10.mp4_frame171.jpg,no
n10.mp4_frame165.jpg,no
n9.mp4_frame289.jpg,no
n10.mp4_frame159.jpg,no
n10.mp4_frame158.jpg,no
n9.mp4_frame288.jpg,no
n10.mp4_frame164.jpg,no
n10.mp4_frame170.jpg,no
n9.mp4_frame539.jpg,no
n0.mp4_frame0.jpg,no
n9.mp4_frame505.jpg,no
n9.mp4_frame263.jpg,no
n8.mp4_frame1.jpg,no
n9.mp4_frame277.jpg,no
n9.mp4_frame511.jpg,no
n7.mp4_frame3.jpg,no
n9.mp4_frame94.jpg,no
n9.mp4_frame80.jpg,no
n10.mp4_frame400.jpg,no
n10.mp4_frame366.jpg,no
n10.mp4_frame372.jpg,no
n0.mp4_frame34.jpg,no
n9.mp4_frame57.jpg,no
n10.mp4_frame399.jpg,no
n9.mp4_frame43.jpg,no
n0.mp4_frame20.jpg,no
n9.mp4_frame707.jpg,no
n9.mp4_frame713.jpg,no
n9.mp4_frame854.jpg,no
n9.mp4_frame698.jpg,no
n9.mp4_frame840.jpg,no
n10.mp4_frame212.jpg,no
n9.mp4_frame868.jpg,no
n10.mp4_frame206.jpg,no
n9.mp4_frame129.jpg,no
n9.mp4_frame5.jpg,no
n9.mp4_frame897.jpg,no
n9.mp4_frame883.jpg,no
n1.mp4_frame4.jpg,no
n9.mp4_frame115.jpg,no
n9.mp4_frame673.jpg,no
7.mp4_frame1.jpg,yes
n9.mp4_frame667.jpg,no
n9.mp4_frame101.jpg,no
n2.mp4_frame14.jpg,no
0.mp4_frame2.jpg,yes
n10.mp4_frame13.jpg,no
n9.mp4_frame459.jpg,no
n9.mp4_frame471.jpg,no
n9.mp4_frame317.jpg,no
n9.mp4_frame303.jpg,no
n9.mp4_frame465.jpg,no
n10.mp4_frame17.jpg,no
n9.mp4_frame449.jpg,no
n9.mp4_frame461.jpg,no
n9.mp4_frame307.jpg,no
n9.mp4_frame313.jpg,no
n9.mp4_frame475.jpg,no
0.mp4_frame6.jpg,yes
n6.mp4_frame3.jpg,no
n9.mp4_frame139.jpg,no
n1.mp4_frame0.jpg,no
n9.mp4_frame887.jpg,no
n9.mp4_frame893.jpg,no
n9.mp4_frame1.jpg,no
n2.mp4_frame10.jpg,no
n9.mp4_frame105.jpg,no
n9.mp4_frame663.jpg,no
7.mp4_frame5.jpg,yes
n9.mp4_frame677.jpg,no
n9.mp4_frame111.jpg,no
n9.mp4_frame844.jpg,no
n9.mp4_frame850.jpg,no
n9.mp4_frame688.jpg,no
n9.mp4_frame878.jpg,no
n10.mp4_frame202.jpg,no
n10.mp4_frame216.jpg,no
n0.mp4_frame24.jpg,no
n9.mp4_frame47.jpg,no
n10.mp4_frame389.jpg,no
n9.mp4_frame53.jpg,no
n0.mp4_frame30.jpg,no
n0.mp4_frame18.jpg,no
n9.mp4_frame717.jpg,no
n9.mp4_frame703.jpg,no
n9.mp4_frame84.jpg,no
n9.mp4_frame90.jpg,no
n7.mp4_frame7.jpg,no
n10.mp4_frame410.jpg,no
n10.mp4_frame376.jpg,no
n10.mp4_frame362.jpg,no
n10.mp4_frame404.jpg,no
6.mp4_frame1.jpg,yes
n9.mp4_frame529.jpg,no
n9.mp4_frame515.jpg,no
n9.mp4_frame273.jpg,no
n9.mp4_frame267.jpg,no
n9.mp4_frame501.jpg,no
n0.mp4_frame4.jpg,no
n10.mp4_frame148.jpg,no
n9.mp4_frame298.jpg,no
n10.mp4_frame174.jpg,no
n10.mp4_frame160.jpg,no
n10.mp4_frame161.jpg,no
n10.mp4_frame175.jpg,no
n9.mp4_frame299.jpg,no
n10.mp4_frame149.jpg,no
n9.mp4_frame266.jpg,no
n0.mp4_frame5.jpg,no
n9.mp4_frame500.jpg,no
n9.mp4_frame514.jpg,no
n9.mp4_frame272.jpg,no
n9.mp4_frame528.jpg,no
6.mp4_frame0.jpg,yes
n10.mp4_frame363.jpg,no
n10.mp4_frame405.jpg,no
n10.mp4_frame411.jpg,no
n10.mp4_frame377.jpg,no
n9.mp4_frame91.jpg,no
n7.mp4_frame6.jpg,no
n9.mp4_frame85.jpg,no
n9.mp4_frame702.jpg,no
n0.mp4_frame19.jpg,no
n9.mp4_frame716.jpg,no
n9.mp4_frame52.jpg,no
n0.mp4_frame31.jpg,no
n0.mp4_frame25.jpg,no
n10.mp4_frame388.jpg,no
n9.mp4_frame46.jpg,no
n10.mp4_frame217.jpg,no
n10.mp4_frame203.jpg,no
n9.mp4_frame879.jpg,no
n9.mp4_frame689.jpg,no
n9.mp4_frame851.jpg,no
n9.mp4_frame845.jpg,no
n9.mp4_frame676.jpg,no
7.mp4_frame4.jpg,yes
n9.mp4_frame110.jpg,no
n9.mp4_frame104.jpg,no
n2.mp4_frame11.jpg,no
n9.mp4_frame662.jpg,no
n9.mp4_frame892.jpg,no
n9.mp4_frame0.jpg,no
n9.mp4_frame138.jpg,no
n9.mp4_frame886.jpg,no
n1.mp4_frame1.jpg,no
n6.mp4_frame2.jpg,no
0.mp4_frame7.jpg,yes
n9.mp4_frame312.jpg,no
n9.mp4_frame474.jpg,no
n9.mp4_frame460.jpg,no
n9.mp4_frame306.jpg,no
n10.mp4_frame16.jpg,no
n9.mp4_frame448.jpg,no
n10.mp4_frame14.jpg,no
n9.mp4_frame338.jpg,no
n9.mp4_frame476.jpg,no
n10.mp4_frame28.jpg,no
n9.mp4_frame310.jpg,no
n9.mp4_frame304.jpg,no
n9.mp4_frame462.jpg,no
n9.mp4_frame489.jpg,no
0.mp4_frame5.jpg,yes
n6.mp4_frame0.jpg,no
n9.mp4_frame2.jpg,no
n9.mp4_frame648.jpg,no
n9.mp4_frame890.jpg,no
n1.mp4_frame3.jpg,no
n9.mp4_frame884.jpg,no
n9.mp4_frame112.jpg,no
7.mp4_frame6.jpg,yes
n9.mp4_frame674.jpg,no
n9.mp4_frame660.jpg,no
n2.mp4_frame13.jpg,no
n9.mp4_frame106.jpg,no
n9.mp4_frame853.jpg,no
n10.mp4_frame229.jpg,no
n9.mp4_frame847.jpg,no
n10.mp4_frame215.jpg,no
n10.mp4_frame201.jpg,no
n0.mp4_frame33.jpg,no
n9.mp4_frame50.jpg,no
n9.mp4_frame44.jpg,no
n9.mp4_frame728.jpg,no
n0.mp4_frame27.jpg,no
n9.mp4_frame700.jpg,no
n9.mp4_frame714.jpg,no
n9.mp4_frame78.jpg,no
n7.mp4_frame4.jpg,no
n9.mp4_frame93.jpg,no
n10.mp4_frame349.jpg,no
n9.mp4_frame87.jpg,no
n10.mp4_frame407.jpg,no
n10.mp4_frame361.jpg,no
9.mp4_frame0.jpg,yes
n10.mp4_frame375.jpg,no
n10.mp4_frame413.jpg,no
1.mp4_frame1.jpg,yes
n9.mp4_frame258.jpg,no
n10.mp4_frame188.jpg,no
n9.mp4_frame502.jpg,no
n0.mp4_frame7.jpg,no
n9.mp4_frame264.jpg,no
n9.mp4_frame270.jpg,no
n9.mp4_frame516.jpg,no
n10.mp4_frame163.jpg,no
n10.mp4_frame177.jpg,no
n10.mp4_frame176.jpg,no
n10.mp4_frame162.jpg,no
n9.mp4_frame271.jpg,no
n9.mp4_frame517.jpg,no
n0.mp4_frame6.jpg,no
n9.mp4_frame503.jpg,no
n9.mp4_frame265.jpg,no
n10.mp4_frame189.jpg,no
n9.mp4_frame259.jpg,no
n10.mp4_frame374.jpg,no
1.mp4_frame0.jpg,yes
n10.mp4_frame412.jpg,no
n10.mp4_frame406.jpg,no
9.mp4_frame1.jpg,yes
n10.mp4_frame360.jpg,no
n9.mp4_frame86.jpg,no
n10.mp4_frame348.jpg,no
n7.mp4_frame5.jpg,no
n9.mp4_frame92.jpg,no
n9.mp4_frame79.jpg,no
n9.mp4_frame715.jpg,no
n9.mp4_frame701.jpg,no
n9.mp4_frame729.jpg,no
n9.mp4_frame45.jpg,no
n0.mp4_frame26.jpg,no
n0.mp4_frame32.jpg,no
n9.mp4_frame51.jpg,no
n10.mp4_frame200.jpg,no
n10.mp4_frame214.jpg,no
n9.mp4_frame846.jpg,no
n10.mp4_frame228.jpg,no
n9.mp4_frame852.jpg,no
n9.mp4_frame661.jpg,no
n9.mp4_frame107.jpg,no
n2.mp4_frame12.jpg,no
n9.mp4_frame113.jpg,no
n9.mp4_frame675.jpg,no
7.mp4_frame7.jpg,yes
n9.mp4_frame885.jpg,no
n1.mp4_frame2.jpg,no
n9.mp4_frame3.jpg,no
n9.mp4_frame891.jpg,no
n9.mp4_frame649.jpg,no
n6.mp4_frame1.jpg,no
n9.mp4_frame488.jpg,no
0.mp4_frame4.jpg,yes
n9.mp4_frame305.jpg,no
n9.mp4_frame463.jpg,no
n9.mp4_frame477.jpg,no
n9.mp4_frame311.jpg,no
n10.mp4_frame29.jpg,no
n9.mp4_frame339.jpg,no
n10.mp4_frame15.jpg,no
n9.mp4_frame334.jpg,no
n9.mp4_frame452.jpg,no
n9.mp4_frame446.jpg,no
3.mp4_frame11.jpg,yes
n9.mp4_frame320.jpg,no
n10.mp4_frame18.jpg,no
n9.mp4_frame308.jpg,no
n10.mp4_frame30.jpg,no
n10.mp4_frame24.jpg,no
n9.mp4_frame491.jpg,no
n9.mp4_frame485.jpg,no
0.mp4_frame9.jpg,yes
n9.mp4_frame650.jpg,no
n9.mp4_frame888.jpg,no
n9.mp4_frame136.jpg,no
n9.mp4_frame122.jpg,no
n9.mp4_frame644.jpg,no
n9.mp4_frame678.jpg,no
n9.mp4_frame693.jpg,no
n10.mp4_frame231.jpg,no
n10.mp4_frame225.jpg,no
n9.mp4_frame687.jpg,no
n9.mp4_frame877.jpg,no
n9.mp4_frame863.jpg,no
n10.mp4_frame219.jpg,no
n9.mp4_frame724.jpg,no
n10.mp4_frame386.jpg,no
n9.mp4_frame48.jpg,no
n7.mp4_frame13.jpg,no
n10.mp4_frame392.jpg,no
n9.mp4_frame730.jpg,no
n9.mp4_frame74.jpg,no
n9.mp4_frame718.jpg,no
n0.mp4_frame17.jpg,no
10.mp4_frame1.jpg,yes
n9.mp4_frame60.jpg,no
n10.mp4_frame345.jpg,no
n7.mp4_frame8.jpg,no
n10.mp4_frame351.jpg,no
n10.mp4_frame379.jpg,no
n9.mp4_frame240.jpg,no
n10.mp4_frame184.jpg,no
n9.mp4_frame526.jpg,no
n9.mp4_frame532.jpg,no
n10.mp4_frame190.jpg,no
n9.mp4_frame254.jpg,no
n9.mp4_frame268.jpg,no
n9.mp4_frame283.jpg,no
n10.mp4_frame147.jpg,no
n10.mp4_frame153.jpg,no
n9.mp4_frame297.jpg,no
n10.mp4_frame152.jpg,no
n9.mp4_frame296.jpg,no
n9.mp4_frame282.jpg,no
n10.mp4_frame146.jpg,no
n9.mp4_frame269.jpg,no
n9.mp4_frame533.jpg,no
n10.mp4_frame191.jpg,no
n9.mp4_frame255.jpg,no
n9.mp4_frame241.jpg,no
n10.mp4_frame185.jpg,no
n9.mp4_frame527.jpg,no
n10.mp4_frame378.jpg,no
n7.mp4_frame9.jpg,no
n10.mp4_frame350.jpg,no
n10.mp4_frame344.jpg,no
10.mp4_frame0.jpg,yes
n9.mp4_frame61.jpg,no
n9.mp4_frame719.jpg,no
n9.mp4_frame75.jpg,no
n0.mp4_frame16.jpg,no
n10.mp4_frame393.jpg,no
n9.mp4_frame731.jpg,no
n9.mp4_frame49.jpg,no
n9.mp4_frame725.jpg,no
n10.mp4_frame387.jpg,no
n7.mp4_frame12.jpg,no
n10.mp4_frame218.jpg,no
n9.mp4_frame862.jpg,no
n9.mp4_frame876.jpg,no
n10.mp4_frame224.jpg,no
n9.mp4_frame686.jpg,no
n9.mp4_frame692.jpg,no
n10.mp4_frame230.jpg,no
n9.mp4_frame679.jpg,no
n9.mp4_frame123.jpg,no
n9.mp4_frame645.jpg,no
n9.mp4_frame889.jpg,no
n9.mp4_frame651.jpg,no
n9.mp4_frame137.jpg,no
n9.mp4_frame484.jpg,no
0.mp4_frame8.jpg,yes
n9.mp4_frame490.jpg,no
n10.mp4_frame25.jpg,no
n10.mp4_frame31.jpg,no
n9.mp4_frame309.jpg,no
3.mp4_frame10.jpg,yes
n9.mp4_frame447.jpg,no
n10.mp4_frame19.jpg,no
n9.mp4_frame321.jpg,no
n9.mp4_frame335.jpg,no
n9.mp4_frame453.jpg,no
n9.mp4_frame323.jpg,no
n9.mp4_frame445.jpg,no
n9.mp4_frame451.jpg,no
n9.mp4_frame337.jpg,no
n10.mp4_frame27.jpg,no
n9.mp4_frame479.jpg,no
n10.mp4_frame33.jpg,no
n9.mp4_frame486.jpg,no
n9.mp4_frame492.jpg,no
n9.mp4_frame647.jpg,no
n9.mp4_frame121.jpg,no
n9.mp4_frame135.jpg,no
n9.mp4_frame653.jpg,no
n9.mp4_frame109.jpg,no
n9.mp4_frame684.jpg,no
n10.mp4_frame226.jpg,no
n9.mp4_frame848.jpg,no
n10.mp4_frame232.jpg,no
n9.mp4_frame690.jpg,no
n9.mp4_frame860.jpg,no
n9.mp4_frame874.jpg,no
n9.mp4_frame733.jpg,no
n10.mp4_frame391.jpg,no
n7.mp4_frame10.jpg,no
n0.mp4_frame28.jpg,no
n10.mp4_frame385.jpg,no
n9.mp4_frame727.jpg,no
n9.mp4_frame63.jpg,no
n0.mp4_frame14.jpg,no
n9.mp4_frame77.jpg,no
n10.mp4_frame352.jpg,no
n9.mp4_frame88.jpg,no
n10.mp4_frame346.jpg,no
n10.mp4_frame408.jpg,no
n9.mp4_frame257.jpg,no
n10.mp4_frame193.jpg,no
n9.mp4_frame531.jpg,no
n9.mp4_frame525.jpg,no
n10.mp4_frame187.jpg,no
n9.mp4_frame243.jpg,no
n0.mp4_frame8.jpg,no
n9.mp4_frame519.jpg,no
n9.mp4_frame294.jpg,no
n10.mp4_frame150.jpg,no
n10.mp4_frame144.jpg,no
n9.mp4_frame280.jpg,no
n10.mp4_frame178.jpg,no
n10.mp4_frame179.jpg,no
n10.mp4_frame145.jpg,no
n9.mp4_frame281.jpg,no
n9.mp4_frame295.jpg,no
n10.mp4_frame151.jpg,no
n9.mp4_frame518.jpg,no
n0.mp4_frame9.jpg,no
n9.mp4_frame524.jpg,no
n10.mp4_frame186.jpg,no
n9.mp4_frame242.jpg,no
n9.mp4_frame256.jpg,no
n10.mp4_frame192.jpg,no
n9.mp4_frame530.jpg,no
n10.mp4_frame409.jpg,no
n10.mp4_frame347.jpg,no
n9.mp4_frame89.jpg,no
n10.mp4_frame353.jpg,no
n0.mp4_frame15.jpg,no
n9.mp4_frame76.jpg,no
n9.mp4_frame62.jpg,no
n0.mp4_frame29.jpg,no
n7.mp4_frame11.jpg,no
n10.mp4_frame384.jpg,no
n9.mp4_frame726.jpg,no
n9.mp4_frame732.jpg,no
n10.mp4_frame390.jpg,no
n9.mp4_frame875.jpg,no
n9.mp4_frame861.jpg,no
n10.mp4_frame233.jpg,no
n9.mp4_frame691.jpg,no
n9.mp4_frame849.jpg,no
n9.mp4_frame685.jpg,no
n10.mp4_frame227.jpg,no
n9.mp4_frame108.jpg,no
n9.mp4_frame134.jpg,no
n9.mp4_frame652.jpg,no
n9.mp4_frame646.jpg,no
n9.mp4_frame120.jpg,no
n9.mp4_frame493.jpg,no
n9.mp4_frame487.jpg,no
n10.mp4_frame32.jpg,no
n10.mp4_frame26.jpg,no
n9.mp4_frame478.jpg,no
n9.mp4_frame450.jpg,no
n9.mp4_frame336.jpg,no
n9.mp4_frame322.jpg,no
n9.mp4_frame444.jpg,no
n10.mp4_frame22.jpg,no
n10.mp4_frame36.jpg,no
n9.mp4_frame468.jpg,no
n9.mp4_frame440.jpg,no
n9.mp4_frame326.jpg,no
n9.mp4_frame332.jpg,no
n9.mp4_frame454.jpg,no
n9.mp4_frame483.jpg,no
n9.mp4_frame497.jpg,no
n9.mp4_frame118.jpg,no
n9.mp4_frame124.jpg,no
n9.mp4_frame8.jpg,no
n9.mp4_frame642.jpg,no
n9.mp4_frame656.jpg,no
n1.mp4_frame9.jpg,no
n9.mp4_frame130.jpg,no
n9.mp4_frame865.jpg,no
n9.mp4_frame871.jpg,no
n9.mp4_frame859.jpg,no
n10.mp4_frame223.jpg,no
n9.mp4_frame681.jpg,no
n9.mp4_frame695.jpg,no
n10.mp4_frame237.jpg,no
n9.mp4_frame66.jpg,no
n9.mp4_frame72.jpg,no
n0.mp4_frame11.jpg,no
n0.mp4_frame39.jpg,no
n10.mp4_frame394.jpg,no
n9.mp4_frame736.jpg,no
n9.mp4_frame722.jpg,no
n10.mp4_frame380.jpg,no
n10.mp4_frame357.jpg,no
n9.mp4_frame99.jpg,no
n10.mp4_frame343.jpg,no
n9.mp4_frame508.jpg,no
n9.mp4_frame534.jpg,no
n10.mp4_frame196.jpg,no
n9.mp4_frame252.jpg,no
n9.mp4_frame246.jpg,no
n10.mp4_frame182.jpg,no
n9.mp4_frame520.jpg,no
n10.mp4_frame169.jpg,no
n10.mp4_frame155.jpg,no
n9.mp4_frame291.jpg,no
n9.mp4_frame285.jpg,no
n10.mp4_frame141.jpg,no
n9.mp4_frame284.jpg,no
n10.mp4_frame140.jpg,no
n10.mp4_frame154.jpg,no
n9.mp4_frame290.jpg,no
n10.mp4_frame168.jpg,no
n9.mp4_frame247.jpg,no
n10.mp4_frame183.jpg,no
n9.mp4_frame521.jpg,no
n9.mp4_frame535.jpg,no
n10.mp4_frame197.jpg,no
n9.mp4_frame253.jpg,no
n9.mp4_frame509.jpg,no
n10.mp4_frame342.jpg,no
n9.mp4_frame98.jpg,no
n10.mp4_frame356.jpg,no
n9.mp4_frame723.jpg,no
n10.mp4_frame381.jpg,no
n7.mp4_frame14.jpg,no
n0.mp4_frame38.jpg,no
n10.mp4_frame395.jpg,no
n9.mp4_frame737.jpg,no
n9.mp4_frame73.jpg,no
n0.mp4_frame10.jpg,no
n9.mp4_frame67.jpg,no
n9.mp4_frame694.jpg,no
n10.mp4_frame236.jpg,no
n10.mp4_frame222.jpg,no
n9.mp4_frame680.jpg,no
n9.mp4_frame858.jpg,no
n9.mp4_frame870.jpg,no
n9.mp4_frame864.jpg,no
n1.mp4_frame8.jpg,no
n9.mp4_frame657.jpg,no
n9.mp4_frame131.jpg,no
n9.mp4_frame9.jpg,no
n9.mp4_frame125.jpg,no
n9.mp4_frame643.jpg,no
n2.mp4_frame18.jpg,no
n9.mp4_frame119.jpg,no
n9.mp4_frame496.jpg,no
n9.mp4_frame482.jpg,no
n9.mp4_frame333.jpg,no
n9.mp4_frame455.jpg,no
n9.mp4_frame441.jpg,no
n9.mp4_frame327.jpg,no
n10.mp4_frame37.jpg,no
n9.mp4_frame469.jpg,no
n10.mp4_frame23.jpg,no
n10.mp4_frame35.jpg,no
n10.mp4_frame21.jpg,no
n9.mp4_frame319.jpg,no
n9.mp4_frame457.jpg,no
n9.mp4_frame331.jpg,no
11.mp4_frame0.jpg,yes
n9.mp4_frame325.jpg,no
n9.mp4_frame443.jpg,no
n9.mp4_frame494.jpg,no
n9.mp4_frame480.jpg,no
n9.mp4_frame669.jpg,no
n9.mp4_frame133.jpg,no
n9.mp4_frame655.jpg,no
n9.mp4_frame641.jpg,no
n9.mp4_frame899.jpg,no
n9.mp4_frame127.jpg,no
n9.mp4_frame872.jpg,no
n10.mp4_frame208.jpg,no
n9.mp4_frame866.jpg,no
n10.mp4_frame234.jpg,no
n9.mp4_frame696.jpg,no
n9.mp4_frame682.jpg,no
n10.mp4_frame220.jpg,no
n0.mp4_frame12.jpg,no
n9.mp4_frame71.jpg,no
n9.mp4_frame709.jpg,no
n9.mp4_frame65.jpg,no
n10.mp4_frame383.jpg,no
n9.mp4_frame721.jpg,no
n9.mp4_frame59.jpg,no
n9.mp4_frame735.jpg,no
n10.mp4_frame397.jpg,no
n10.mp4_frame368.jpg,no
n10.mp4_frame340.jpg,no
n10.mp4_frame354.jpg,no
n9.mp4_frame279.jpg,no
n9.mp4_frame523.jpg,no
n10.mp4_frame181.jpg,no
n9.mp4_frame245.jpg,no
n9.mp4_frame251.jpg,no
n10.mp4_frame195.jpg,no
n9.mp4_frame537.jpg,no
n10.mp4_frame142.jpg,no
n9.mp4_frame286.jpg,no
n9.mp4_frame292.jpg,no
n10.mp4_frame156.jpg,no
n9.mp4_frame293.jpg,no
n10.mp4_frame157.jpg,no
n10.mp4_frame143.jpg,no
n9.mp4_frame287.jpg,no
n9.mp4_frame250.jpg,no
n10.mp4_frame194.jpg,no
n9.mp4_frame536.jpg,no
n9.mp4_frame522.jpg,no
n10.mp4_frame180.jpg,no
n9.mp4_frame244.jpg,no
n9.mp4_frame278.jpg,no
n10.mp4_frame355.jpg,no
n10.mp4_frame341.jpg,no
n10.mp4_frame369.jpg,no
n9.mp4_frame734.jpg,no
n10.mp4_frame396.jpg,no
n9.mp4_frame58.jpg,no
n10.mp4_frame382.jpg,no
n9.mp4_frame720.jpg,no
n9.mp4_frame64.jpg,no
n9.mp4_frame708.jpg,no
n0.mp4_frame13.jpg,no
n9.mp4_frame70.jpg,no
n9.mp4_frame683.jpg,no
n10.mp4_frame221.jpg,no
n10.mp4_frame235.jpg,no
n9.mp4_frame697.jpg,no
n9.mp4_frame867.jpg,no
n10.mp4_frame209.jpg,no
n9.mp4_frame873.jpg,no
n9.mp4_frame898.jpg,no
n9.mp4_frame640.jpg,no
n9.mp4_frame126.jpg,no
n9.mp4_frame132.jpg,no
n9.mp4_frame654.jpg,no
n9.mp4_frame668.jpg,no
n9.mp4_frame481.jpg,no
n9.mp4_frame495.jpg,no
n9.mp4_frame324.jpg,no
n9.mp4_frame442.jpg,no
n9.mp4_frame456.jpg,no
11.mp4_frame1.jpg,yes
n9.mp4_frame330.jpg,no
n9.mp4_frame318.jpg,no
n10.mp4_frame20.jpg,no
n10.mp4_frame34.jpg,no
n9.mp4_frame431.jpg,no
n9.mp4_frame357.jpg,no
n9.mp4_frame343.jpg,no
n9.mp4_frame425.jpg,no
n10.mp4_frame53.jpg,no
n10.mp4_frame47.jpg,no
n9.mp4_frame419.jpg,no
n1.mp4_frame11.jpg,no
n9.mp4_frame394.jpg,no
n9.mp4_frame380.jpg,no
n10.mp4_frame90.jpg,no
n10.mp4_frame84.jpg,no
n9.mp4_frame155.jpg,no
n9.mp4_frame633.jpg,no
n10.mp4_frame291.jpg,no
n10.mp4_frame285.jpg,no
n9.mp4_frame627.jpg,no
3.mp4_frame8.jpg,yes
n10.mp4_frame9.jpg,no
n9.mp4_frame141.jpg,no
n9.mp4_frame169.jpg,no
n9.mp4_frame196.jpg,no
n9.mp4_frame828.jpg,no
n10.mp4_frame252.jpg,no
n10.mp4_frame246.jpg,no
n9.mp4_frame182.jpg,no
n9.mp4_frame814.jpg,no
n9.mp4_frame800.jpg,no
n0.mp4_frame48.jpg,no
n9.mp4_frame747.jpg,no
n9.mp4_frame753.jpg,no
n9.mp4_frame17.jpg,no
n9.mp4_frame784.jpg,no
n10.mp4_frame326.jpg,no
n10.mp4_frame332.jpg,no
n9.mp4_frame790.jpg,no
n9.mp4_frame545.jpg,no
n9.mp4_frame223.jpg,no
n4.mp4_frame9.jpg,no
n9.mp4_frame237.jpg,no
n9.mp4_frame551.jpg,no
n9.mp4_frame579.jpg,no
n10.mp4_frame124.jpg,no
n9.mp4_frame586.jpg,no
n9.mp4_frame592.jpg,no
n10.mp4_frame130.jpg,no
n10.mp4_frame118.jpg,no
n10.mp4_frame119.jpg,no
n9.mp4_frame593.jpg,no
n10.mp4_frame131.jpg,no
n10.mp4_frame125.jpg,no
n9.mp4_frame587.jpg,no
n9.mp4_frame578.jpg,no
n4.mp4_frame8.jpg,no
n9.mp4_frame236.jpg,no
n9.mp4_frame550.jpg,no
n9.mp4_frame544.jpg,no
n9.mp4_frame222.jpg,no
n10.mp4_frame333.jpg,no
n9.mp4_frame791.jpg,no
n9.mp4_frame785.jpg,no
n10.mp4_frame327.jpg,no
n9.mp4_frame16.jpg,no
n9.mp4_frame752.jpg,no
n0.mp4_frame49.jpg,no
n9.mp4_frame746.jpg,no
n9.mp4_frame801.jpg,no
n9.mp4_frame815.jpg,no
n10.mp4_frame247.jpg,no
n9.mp4_frame183.jpg,no
n9.mp4_frame197.jpg,no
n10.mp4_frame253.jpg,no
n9.mp4_frame829.jpg,no
n9.mp4_frame168.jpg,no
0.mp4_frame22.jpg,yes
n10.mp4_frame284.jpg,no
n9.mp4_frame626.jpg,no
n9.mp4_frame140.jpg,no
n10.mp4_frame8.jpg,no
3.mp4_frame9.jpg,yes
n9.mp4_frame154.jpg,no
n9.mp4_frame632.jpg,no
n10.mp4_frame290.jpg,no
n10.mp4_frame85.jpg,no
n10.mp4_frame91.jpg,no
n9.mp4_frame381.jpg,no
n9.mp4_frame395.jpg,no
n10.mp4_frame46.jpg,no
n1.mp4_frame10.jpg,no
n9.mp4_frame418.jpg,no
n10.mp4_frame52.jpg,no
n9.mp4_frame342.jpg,no
n9.mp4_frame424.jpg,no
n9.mp4_frame430.jpg,no
n9.mp4_frame356.jpg,no
n9.mp4_frame426.jpg,no
n9.mp4_frame340.jpg,no
n10.mp4_frame78.jpg,no
n9.mp4_frame354.jpg,no
n9.mp4_frame432.jpg,no
n1.mp4_frame12.jpg,no
n10.mp4_frame44.jpg,no
n9.mp4_frame368.jpg,no
n10.mp4_frame50.jpg,no
n9.mp4_frame383.jpg,no
n9.mp4_frame397.jpg,no
n10.mp4_frame87.jpg,no
n10.mp4_frame93.jpg,no
n9.mp4_frame142.jpg,no
n9.mp4_frame624.jpg,no
n10.mp4_frame286.jpg,no
n10.mp4_frame292.jpg,no
n9.mp4_frame630.jpg,no
n9.mp4_frame156.jpg,no
n9.mp4_frame618.jpg,no
0.mp4_frame20.jpg,yes
n9.mp4_frame181.jpg,no
n10.mp4_frame245.jpg,no
n10.mp4_frame251.jpg,no
n9.mp4_frame195.jpg,no
n9.mp4_frame803.jpg,no
n10.mp4_frame279.jpg,no
n9.mp4_frame817.jpg,no
n9.mp4_frame750.jpg,no
n9.mp4_frame28.jpg,no
n9.mp4_frame744.jpg,no
n9.mp4_frame778.jpg,no
n9.mp4_frame14.jpg,no
n9.mp4_frame793.jpg,no
n10.mp4_frame331.jpg,no
n10.mp4_frame325.jpg,no
n9.mp4_frame787.jpg,no
n3.mp4_frame9.jpg,no
n10.mp4_frame319.jpg,no
n9.mp4_frame552.jpg,no
n9.mp4_frame234.jpg,no
n9.mp4_frame220.jpg,no
n9.mp4_frame546.jpg,no
n9.mp4_frame208.jpg,no
n10.mp4_frame133.jpg,no
n9.mp4_frame591.jpg,no
n9.mp4_frame585.jpg,no
n10.mp4_frame127.jpg,no
n9.mp4_frame584.jpg,no
n10.mp4_frame126.jpg,no
n10.mp4_frame132.jpg,no
n9.mp4_frame590.jpg,no
n9.mp4_frame209.jpg,no
n9.mp4_frame221.jpg,no
n9.mp4_frame547.jpg,no
n9.mp4_frame553.jpg,no
n9.mp4_frame235.jpg,no
n10.mp4_frame318.jpg,no
n3.mp4_frame8.jpg,no
n10.mp4_frame324.jpg,no
n9.mp4_frame786.jpg,no
n9.mp4_frame792.jpg,no
n10.mp4_frame330.jpg,no
n9.mp4_frame15.jpg,no
n9.mp4_frame779.jpg,no
n9.mp4_frame745.jpg,no
n9.mp4_frame29.jpg,no
n9.mp4_frame751.jpg,no
n9.mp4_frame816.jpg,no
n10.mp4_frame278.jpg,no
n9.mp4_frame802.jpg,no
n10.mp4_frame250.jpg,no
n9.mp4_frame194.jpg,no
n9.mp4_frame180.jpg,no
n10.mp4_frame244.jpg,no
0.mp4_frame21.jpg,yes
n9.mp4_frame619.jpg,no
n10.mp4_frame293.jpg,no
n9.mp4_frame631.jpg,no
n9.mp4_frame157.jpg,no
n9.mp4_frame143.jpg,no
n9.mp4_frame625.jpg,no
n10.mp4_frame287.jpg,no
n10.mp4_frame92.jpg,no
n10.mp4_frame86.jpg,no
n9.mp4_frame396.jpg,no
n9.mp4_frame382.jpg,no
n10.mp4_frame51.jpg,no
n9.mp4_frame369.jpg,no
n1.mp4_frame13.jpg,no
n10.mp4_frame45.jpg,no
n9.mp4_frame355.jpg,no
n9.mp4_frame433.jpg,no
n9.mp4_frame427.jpg,no
n10.mp4_frame79.jpg,no
n9.mp4_frame341.jpg,no
n10.mp4_frame41.jpg,no
n9.mp4_frame379.jpg,no
n1.mp4_frame17.jpg,no
n10.mp4_frame55.jpg,no
n9.mp4_frame345.jpg,no
n9.mp4_frame423.jpg,no
n9.mp4_frame437.jpg,no
n10.mp4_frame69.jpg,no
n9.mp4_frame351.jpg,no
n10.mp4_frame82.jpg,no
n10.mp4_frame96.jpg,no
n9.mp4_frame386.jpg,no
n2.mp4_frame8.jpg,no
n9.mp4_frame392.jpg,no
n9.mp4_frame609.jpg,no
n10.mp4_frame283.jpg,no
n9.mp4_frame621.jpg,no
n9.mp4_frame147.jpg,no
0.mp4_frame19.jpg,yes
n9.mp4_frame153.jpg,no
n9.mp4_frame635.jpg,no
n10.mp4_frame297.jpg,no
n9.mp4_frame806.jpg,no
n9.mp4_frame812.jpg,no
n10.mp4_frame268.jpg,no
n10.mp4_frame240.jpg,no
n9.mp4_frame184.jpg,no
n9.mp4_frame190.jpg,no
n10.mp4_frame254.jpg,no
n9.mp4_frame769.jpg,no
n9.mp4_frame11.jpg,no
n9.mp4_frame755.jpg,no
n9.mp4_frame39.jpg,no
n9.mp4_frame741.jpg,no
n10.mp4_frame308.jpg,no
n10.mp4_frame334.jpg,no
n9.mp4_frame796.jpg,no
n9.mp4_frame782.jpg,no
n10.mp4_frame320.jpg,no
5.mp4_frame9.jpg,yes
n9.mp4_frame219.jpg,no
n9.mp4_frame231.jpg,no
n9.mp4_frame557.jpg,no
n9.mp4_frame543.jpg,no
n9.mp4_frame225.jpg,no
n9.mp4_frame594.jpg,no
n10.mp4_frame136.jpg,no
n10.mp4_frame122.jpg,no
n9.mp4_frame580.jpg,no
n10.mp4_frame123.jpg,no
n9.mp4_frame581.jpg,no
n9.mp4_frame595.jpg,no
n10.mp4_frame137.jpg,no
n9.mp4_frame542.jpg,no
n9.mp4_frame224.jpg,no
n9.mp4_frame230.jpg,no
n9.mp4_frame556.jpg,no
n9.mp4_frame218.jpg,no
5.mp4_frame8.jpg,yes
n9.mp4_frame783.jpg,no
n10.mp4_frame321.jpg,no
n10.mp4_frame335.jpg,no
n9.mp4_frame797.jpg,no
n10.mp4_frame309.jpg,no
n9.mp4_frame740.jpg,no
n9.mp4_frame38.jpg,no
n9.mp4_frame754.jpg,no
n9.mp4_frame10.jpg,no
n9.mp4_frame768.jpg,no
n9.mp4_frame191.jpg,no
n10.mp4_frame255.jpg,no
n10.mp4_frame241.jpg,no
n9.mp4_frame185.jpg,no
n10.mp4_frame269.jpg,no
n9.mp4_frame813.jpg,no
n9.mp4_frame807.jpg,no
n9.mp4_frame152.jpg,no
0.mp4_frame18.jpg,yes
n9.mp4_frame634.jpg,no
n10.mp4_frame296.jpg,no
n10.mp4_frame282.jpg,no
n9.mp4_frame620.jpg,no
n9.mp4_frame146.jpg,no
n9.mp4_frame608.jpg,no
n2.mp4_frame9.jpg,no
n9.mp4_frame393.jpg,no
n9.mp4_frame387.jpg,no
n10.mp4_frame97.jpg,no
n10.mp4_frame83.jpg,no
n9.mp4_frame436.jpg,no
n9.mp4_frame350.jpg,no
n10.mp4_frame68.jpg,no
n9.mp4_frame344.jpg,no
n9.mp4_frame422.jpg,no
n10.mp4_frame54.jpg,no
n9.mp4_frame378.jpg,no
n10.mp4_frame40.jpg,no
n1.mp4_frame16.jpg,no
n10.mp4_frame56.jpg,no
n9.mp4_frame408.jpg,no
n1.mp4_frame14.jpg,no
n10.mp4_frame42.jpg,no
n9.mp4_frame352.jpg,no
n9.mp4_frame434.jpg,no
n9.mp4_frame420.jpg,no
n9.mp4_frame346.jpg,no
n10.mp4_frame95.jpg,no
n10.mp4_frame81.jpg,no
n9.mp4_frame391.jpg,no
n9.mp4_frame385.jpg,no
n9.mp4_frame178.jpg,no
n10.mp4_frame294.jpg,no
n9.mp4_frame636.jpg,no
n9.mp4_frame150.jpg,no
n9.mp4_frame144.jpg,no
n9.mp4_frame622.jpg,no
n10.mp4_frame280.jpg,no
n9.mp4_frame811.jpg,no
n9.mp4_frame805.jpg,no
n10.mp4_frame257.jpg,no
n9.mp4_frame193.jpg,no
n9.mp4_frame187.jpg,no
n9.mp4_frame839.jpg,no
n10.mp4_frame243.jpg,no
n9.mp4_frame12.jpg,no
n9.mp4_frame742.jpg,no
n9.mp4_frame756.jpg,no
n10.mp4_frame323.jpg,no
n9.mp4_frame781.jpg,no
n9.mp4_frame795.jpg,no
n10.mp4_frame337.jpg,no
n11.mp4_frame8.jpg,no
n9.mp4_frame568.jpg,no
n9.mp4_frame226.jpg,no
n9.mp4_frame540.jpg,no
n9.mp4_frame554.jpg,no
n9.mp4_frame232.jpg,no
n10.mp4_frame109.jpg,no
n9.mp4_frame583.jpg,no
n10.mp4_frame121.jpg,no
n10.mp4_frame135.jpg,no
n9.mp4_frame597.jpg,no
n10.mp4_frame134.jpg,no
n9.mp4_frame596.jpg,no
n9.mp4_frame582.jpg,no
n10.mp4_frame120.jpg,no
n10.mp4_frame108.jpg,no
n9.mp4_frame555.jpg,no
n9.mp4_frame233.jpg,no
n9.mp4_frame227.jpg,no
n9.mp4_frame541.jpg,no
n9.mp4_frame569.jpg,no
n11.mp4_frame9.jpg,no
n9.mp4_frame794.jpg,no
n10.mp4_frame336.jpg,no
n10.mp4_frame322.jpg,no
n9.mp4_frame780.jpg,no
n9.mp4_frame757.jpg,no
n9.mp4_frame743.jpg,no
n9.mp4_frame13.jpg,no
n9.mp4_frame186.jpg,no
n10.mp4_frame242.jpg,no
n9.mp4_frame838.jpg,no
n10.mp4_frame256.jpg,no
n9.mp4_frame192.jpg,no
n9.mp4_frame804.jpg,no
n9.mp4_frame810.jpg,no
n9.mp4_frame145.jpg,no
n9.mp4_frame623.jpg,no
n10.mp4_frame281.jpg,no
n10.mp4_frame295.jpg,no
n9.mp4_frame637.jpg,no
n9.mp4_frame151.jpg,no
n9.mp4_frame179.jpg,no
n9.mp4_frame384.jpg,no
n9.mp4_frame390.jpg,no
n10.mp4_frame80.jpg,no
n10.mp4_frame94.jpg,no
n9.mp4_frame421.jpg,no
n9.mp4_frame347.jpg,no
n9.mp4_frame353.jpg,no
n9.mp4_frame435.jpg,no
n1.mp4_frame15.jpg,no
n10.mp4_frame43.jpg,no
n10.mp4_frame57.jpg,no
n9.mp4_frame409.jpg,no
